Date,S007,S015,S031,S034,S036,S038,S039,S042,S047,S051,S055,S058,S069,S075,S081,S088,S095,S097,S098,S100
1965-01-01,28.3,17.9,27.1,100.8,51.5,21.2,54.4,3.7,300.3,17.1,29.1,55.9,116,12.8,71.9,28.8,112.1,14.3,38.7,132.6
1965-02-01,51.8,41.2,36.3,56,1.7,28.7,85.8,3.6,46.6,50.2,28.3,27.4,31,57.8,41.6,43,76.4,0,35.7,158.8
1965-03-01,39.7,39.5,25.5,38.4,36.1,21.3,35.7,32.3,35.8,39.8,29.9,41.4,27.8,24.4,34.4,31.5,24.6,31.5,29.5,48.3
1965-04-01,38.9,42.8,20.9,33.7,30.3,53.8,31.3,4.2,29.4,34.1,14.5,35.8,23.4,10.2,30.4,41.3,18.3,6.4,26.3,44.1
1965-05-01,93.2,175.7,140.2,298.7,140.3,123,257.5,145.7,174.8,167,136.5,12.4,89.1,169.3,123.7,43,221.7,127.2,106,161.4
1965-06-01,29,28.2,16.4,28.1,13.3,36.8,27.5,22.6,23.2,29,20.9,31.9,19.9,3.9,26.6,21.6,13,23.8,22.8,39.2
1965-07-01,43.8,78.8,59.6,79.8,34.9,60.2,64.7,66.9,79.5,78.3,62.9,71.8,54.4,68.3,62.2,73.7,64,15.8,53.9,175.1
1965-08-01,85.6,157.2,115.4,146.3,128.5,108.9,112.8,125.2,156.4,16.4,118.6,27.9,75.1,129.1,310.5,140.8,130.2,100.1,96.6,143.3
1965-09-01,39.1,62.3,46.4,50.6,53.3,46.6,90.5,52.4,59.3,62.5,42,60.7,44,58.6,49.8,33.3,54.8,50.4,42.2,67.6
1965-10-01,73,130.6,95.8,122.3,107.8,91.3,96.8,105,129.7,20.5,98.9,107.3,77.4,108.7,74.6,116.1,108.6,86.2,167.9,121.9
1965-11-01,71.4,110.5,86.5,86.2,90.7,85.5,201.3,17.1,109.2,107.5,38.2,98.1,75.9,86.3,81.6,81.3,162.5,83.8,69.6,107.4
1965-12-01,67.3,118.2,88.4,112.5,97.9,83.3,91.4,96.8,166.4,11.6,90.6,101.1,90.4,101.8,118.1,105.4,101.4,81.7,72.2,112.5
1966-01-01,121.9,252,17.1,60.7,80.6,132,165.3,4.2,183.5,341.9,58.7,72.5,23.9,15.7,30.8,233.6,388.4,74.8,34.4,58.3
1966-02-01,104.8,285.6,50.8,187.4,150.5,75.1,92.5,10.5,553.9,272.9,156.6,145,117.8,23.2,139.5,257.4,327.3,57.6,65.9,67.6
1966-03-01,121.4,392,92.8,173.3,292.1,106.2,66.9,17.2,696.9,411.3,112.5,120.6,78.2,63.6,178,366.7,603.3,117.5,31.7,98.3
1966-04-01,40.8,193.5,16.3,143.1,126.4,98.4,103.2,97.9,359,157.6,94.6,100,50.1,117.3,16.2,232,335.8,58.8,37.5,56.9
1966-05-01,113.8,402.6,72.5,300.8,299.8,309,152.1,9.9,670.5,361.8,186.5,111.7,23,142.9,6.4,290.9,467.1,48.1,111.8,118.2
1966-06-01,54.4,145.4,13.2,129.5,139.6,117.9,141.7,9.5,472.2,238.7,88.1,134.7,14.7,54.7,14,92.8,307.6,44.5,44.7,30.2
1966-07-01,153.5,811.4,134.5,243.4,606.6,247.7,229,36,818.9,492.1,284.3,485.2,74.1,218.7,39.1,540.9,1019.8,130.4,126,101.7
1966-08-01,67.5,145.6,62.4,129.4,104.3,104.8,91.6,6.3,334.4,210.7,122.7,54.4,44.7,41.4,17.5,242.4,258.8,83,60.5,135.1
1966-09-01,119.8,304.5,98.8,171.3,232,116.2,168.4,40.4,377.3,195.1,83.5,61.3,32.2,57.4,21.4,208.6,350.3,65.3,28.3,89.2
1966-10-01,68.6,173.4,83,107.4,99.7,112.8,75.8,18.6,111.7,107,60.6,68.2,73.6,17.8,82.6,132.6,353.4,87.3,71.5,112
1966-11-01,91.3,106.1,72.8,93.9,90.3,88.5,70.8,84.4,106.5,97.4,79.5,89,68.8,0,78,87.6,71,64.6,68.4,100.7
1966-12-01,58.1,251,184.6,229.6,332.9,139,171.7,11.8,245.5,222,254.6,188.1,154.8,43.7,166.7,630,210.3,61,145.8,214.9
1967-01-01,127.3,246.9,193.4,183.7,195.7,170.2,169.9,200.9,246.7,228.3,189.5,137.8,50.8,225.6,168.8,428.5,357.4,166.8,146.3,218.7
1967-02-01,59.9,139.3,101.5,128.7,143,145.6,98.3,111.9,139,128.4,105.5,113.6,90.1,31.9,99.3,122.6,109.4,88.6,86.5,128.8
1967-03-01,130.8,667.1,307.4,373.2,370.7,271.4,276.5,324.5,411.5,365.4,306.8,307.3,256.7,335.3,271,368,353.9,112.9,236.5,343.8
1967-04-01,46,75.2,56.3,74.1,63.8,55,64.6,63.1,73.3,66.4,58.4,130,39.8,68,27.1,66.4,64.9,57.8,49.8,78
1967-05-01,95.5,178.9,137.4,160.6,143.9,124.3,113.7,145.7,178.4,166.5,58.9,144.7,116.6,157.9,125.1,297.8,162.3,120.4,108.3,162.6
1967-06-01,72,128,99.8,125.2,104.9,90.5,103.8,107.3,128.3,197.3,99.8,112.1,105.9,117.5,66.3,117,119.1,93,41.5,121.6
1967-07-01,190.1,202.1,152.9,255.8,164.1,152.2,92.1,6.6,204.7,186.5,113.6,162.2,131.3,51.2,140.8,313.8,248.5,131.2,122.4,180.2
1967-08-01,81.6,147.5,111.8,140.2,120.8,102.8,112.2,120.7,304.4,182.1,113.2,122.9,55,128.1,21.1,133.1,130.1,100.3,88.6,136.4
1967-09-01,52.1,138.2,32.4,359.8,60.5,9.4,289.5,67.5,24.9,196.5,184,127.9,54.1,178,48.1,148.6,43.9,68.2,41.8,40.5
1967-10-01,66.6,106.3,112.5,294.3,35,93.8,188.8,278.1,79.1,203.7,185.9,143.9,106,280.1,109.6,116.1,168.3,182.7,130.2,49.3
1967-11-01,37.9,91.4,64.7,244.6,31.9,63.9,141.8,132.2,38.2,242.1,211.4,167.4,68.8,147.1,20.4,100.2,89,240.3,83.3,36.4
1967-12-01,13.1,30.2,17.5,176.2,23.6,38.8,93,53.5,15.7,68.4,37.1,159.9,18.2,75.2,7.8,38.9,8.6,87.7,40.1,54.2
1968-01-01,55.5,128.6,75,270.7,40.4,38.3,207.6,93,16.7,197.9,165,187.7,83.8,166.2,23.5,46.3,96.5,138.8,65,33.6
1968-02-01,53.8,132.5,47.2,285.9,33.4,42.4,174.6,114.5,41.4,110.9,198.7,224.5,106,217.1,32.6,75.2,44.8,136.4,108.4,65.1
1968-03-01,24.3,243.6,125.2,735.5,104.6,77.1,447.8,536.3,63.8,301.1,402.5,292.3,178.6,234.3,52.8,248.5,46.8,292.7,236.7,204.4
1968-04-01,49.8,95.5,33.1,183,80.1,76.6,75.8,70.9,40.8,141.4,95.2,55.8,89.2,84.4,21,106.3,25,71.9,46.7,94.7
1968-05-01,0,126.5,111.2,286.5,117.3,96.9,236.4,225,39.7,239,162.2,178.7,107.5,181.4,21.3,164,0,261.6,25.1,62
1968-06-01,7.8,134.1,86.6,114,63,69.3,147.8,101.8,86.4,85.8,137.2,57.6,64.9,269.3,66.9,55.5,35.4,98,57.4,45.2
1968-07-01,11.5,151.5,122.8,153.2,121.1,97.4,129,192.9,150.3,147,119,130.4,103.5,218.7,108.7,145,155.2,114.2,92.2,142.3
1968-08-01,16.8,67.6,87.9,111.8,96.8,48.7,94.4,106.4,111.3,109.4,147.4,99.4,77.1,144.9,83.1,116.2,106.5,107.3,70.8,109.2
1968-09-01,82.5,149.8,114.8,251.9,122.2,104.6,184.6,123.3,150.3,141.6,115.5,144.4,60.5,131.8,107.2,69.3,23.8,103.1,92.2,138.7
1968-10-01,46.5,145.9,117.5,147.1,107.8,100.6,124.7,122.6,144.9,141.3,114.3,125.7,99.5,227.7,104.9,138.9,149.5,110.2,89.2,137.3
1968-11-01,21.1,68.5,43.3,59,47.7,43.1,55.9,48.4,53.1,58.2,44.5,57.5,41.1,57.2,46.2,51.2,53.6,99.6,38.8,23.8
1968-12-01,62.8,109.8,83.3,106.4,90.8,78.1,88.2,90.9,108.8,145.9,84.8,122.5,44.6,97.8,59.2,99,97.3,78.7,69.4,106.2
1969-01-01,98,179.4,140.6,229.3,145.7,124.4,167.7,149.5,182.5,171,134,151.5,121.3,163.2,127.7,78.9,169.4,126,109.4,163.2
1969-02-01,67.5,120,91.6,116.4,98.5,84.9,95.6,99.1,119,208,92.6,103.2,62,107.3,27.9,109,107.6,85.2,85.1,114.5
1969-03-01,0,233.4,182.4,352.5,185.8,76.2,176.6,205.7,234.6,217.5,274.3,186.6,152.5,221.4,161.2,428.7,34,155.8,139,207.7
1969-04-01,49.6,84.3,62,82,70.5,61.1,68.9,68.8,27.1,143.2,64.4,74.6,31.8,73.6,24,75.2,70.5,60.9,101.6,85.1
1969-05-01,76.1,50,55.8,32,25.2,26.3,79.3,63.1,73.3,25.9,57.1,149.3,87.1,155.4,33,33.5,68.2,213.6,41.6,130.8
1969-06-01,50,38.4,190.6,51,51.3,43.9,66.3,158.1,110.6,18.1,123.3,136.1,87.7,209.2,81,75.6,56.6,256.5,57.1,254.2
1969-07-01,37.5,13.5,122.3,63.7,51.5,24.4,61.1,110.1,98,15.8,91.2,71.3,71.7,178.8,14.6,54,58.4,214.5,39.7,140.4
1969-08-01,31.6,28.7,87,40.6,32.8,48.5,57.4,60.5,68.7,19.3,48.8,116,39.9,84,22.9,65,62,127.4,39.9,170.6
1969-09-01,50.2,92.6,138.3,102.4,52.6,43,69.3,152.5,85.7,21.8,122.3,79.4,74,115.3,37.2,57.1,98.4,242.7,52.6,157.7
1969-10-01,46.6,35.9,82.1,49.4,30.9,4.9,46.2,90.9,45.9,20.5,33,57.8,27.6,51.1,7,9.6,26,60.9,47.2,76.3
1969-11-01,193.7,72.3,759.1,253.8,308.5,46.6,507.4,468.5,288.5,101.1,304.9,376,145.6,515.4,30.2,26.7,190.9,524.2,180.1,670.9
1969-12-01,29.7,35.7,45.1,31.2,34.9,11.1,46.6,51.6,57.2,21.4,28.3,73.4,31.6,93,23.6,8.8,43,41.5,28.2,45.5
1970-01-01,19.1,38.1,69.4,41.6,27.8,14.5,34.4,68.1,63.1,47.4,26.6,56.9,58.4,65,8.2,20.9,69,73.7,40.5,65.5
1970-02-01,8.9,15.5,36.2,14.9,9.6,0,28.2,31.8,25.3,31.8,58.1,34.2,32.8,157.4,28.2,19.9,32.9,135.9,23.9,98.9
1970-03-01,4.4,22.7,15.4,26.8,21.5,0,30.3,41.5,17.1,26.2,17.9,30,18.1,57,23.4,19.6,18.1,25.8,19.3,35.7
1970-04-01,33.1,36.7,88.6,110.8,53.8,20,99.8,152.1,107.4,109.1,60.2,101.8,78,156.7,81.3,42.5,115.5,257.2,67.9,106.1
1970-05-01,61.7,106.6,81.2,105.9,88.6,75.9,103.7,88.9,106.2,103.2,82.7,113.4,69.4,95.8,79.3,48.7,99.6,77.6,67.8,103.5
1970-06-01,10.4,18.5,11,21.8,18.3,12.1,25.6,15.7,12.7,21.5,14.2,25.9,14.6,41,20.4,14.9,11.3,21.5,17,32
1970-07-01,34.6,37.6,91.3,115.2,39.7,80.8,101.3,96,110.5,111.6,88.8,102.3,79,114.6,83.3,106.5,117.1,167.5,70,184.3
1970-08-01,31.9,47.5,33.5,47.7,41.9,36.6,44.1,39.7,43.9,5,36.6,43.6,87.2,42.2,21.1,40.4,36.4,39,33.9,55.3
1970-09-01,38.9,61.3,43.4,46.4,53,45.5,48.2,50.4,58.4,60.1,74.2,58.2,42.2,51.9,48.8,37.5,46.9,46,41.9,66.2
1970-10-01,51.4,86.6,63.8,83.5,72.8,62.4,70.3,71.2,84.6,25.3,66.4,77.6,98.3,75.2,37.3,76.4,72.5,62.6,83,86.9
1970-11-01,42.5,56.2,41.1,37.5,48.7,16.2,65.6,82.5,53.1,56.7,31.3,56,40,91.6,45.8,8,51.2,45.8,38.9,62.5
1970-12-01,38.3,60.6,43.1,59.3,52.2,45.2,52.1,49.7,89.1,34.3,46.3,57.5,62,52.4,16.9,52.3,47.4,46.1,49.2,65.7
1971-01-01,82.4,6.4,11.4,51.3,31.6,87.3,52.5,13.2,42.9,145.2,0,47.9,101.6,0,169.6,14.9,88.2,4.7,23.1,52.6
1971-02-01,27.4,18.2,82.8,46.8,8.3,58.9,29.9,17,55.6,127.1,5.2,50.1,39.7,2.2,39.9,18.9,43.2,15.2,42.1,61.2
1971-03-01,97.9,19.1,98.9,66.4,13.6,70.3,53.5,10.4,65.2,207.1,0,60.8,115.9,0,76.8,18.5,38.2,10.3,50.2,89.7
1971-04-01,39,11.2,28.7,34.1,16.4,37.1,83.2,53.5,18.7,77.8,45.4,64.8,88.2,60.2,72.3,15.2,55.8,8,25,117.7
1971-05-01,38.3,10.6,51.1,56,37.1,90.4,77.2,1.8,40.2,150.3,0,52.8,136,0,91.3,14.7,56.2,0,22.4,99.8
1971-06-01,67,14.2,68.7,49,14.4,145.5,143,17.7,58.5,122.5,0.9,148.6,197.2,0,216.2,33.3,148.7,8,48.7,212.7
1971-07-01,125.8,44.7,177.9,356.8,70.6,609.1,210.4,44.3,121.5,445.9,15.3,125,440.2,0,625.6,19.3,369,59.5,148.6,439.3
1971-08-01,24.7,32.1,26.7,30.2,30.7,42.8,25.8,15.6,21.7,78,0,35.3,16.6,27.2,33.7,2.5,47.4,29.7,18.9,42.6
1971-09-01,55.6,6.9,40.6,78.8,37.5,94.9,30.4,27.6,54.6,179.5,0,44.8,40,0.3,106,7.8,48.5,39,58.9,57.7
1971-10-01,104.5,27,50.2,54.4,54.1,164.9,90.4,30.8,79.4,77.9,0,49.3,54,0,62,28,61,23.8,53.5,105.1
1971-11-01,80.3,101.3,69.9,91.7,85.2,148.2,70.1,13,99.4,92.4,75.5,83.5,64.5,0,73.9,86.2,70.4,62.9,65,97.3
1971-12-01,50.9,6.3,22.9,36.1,10.5,102.7,33.1,5.2,32,36.4,0,37.7,25.1,0,32.1,41.8,20.7,15.7,27.7,46.1
1972-01-01,63.4,108,82.7,45.2,90.4,76.6,114,91,109.1,105.6,84.3,55.6,172,97.4,81.1,18.5,111.3,79.5,69,104.6
1972-02-01,22,25,13.7,25,23.9,31.2,24.9,19.9,19.8,25.9,18.4,29.3,17.7,0,24.4,18.5,9.5,21.5,21,36.5
1972-03-01,79.6,16.2,38.3,53.7,33.5,42.5,45.5,46,54.2,55,43,53.7,38.5,43.9,45.8,47.1,37.5,5.8,39.7,82.6
1972-04-01,65.7,115.5,87.9,111.7,95.3,81.8,92.1,95.6,114.8,111.4,89.2,85.9,113.8,102.8,59.9,104.2,102.7,82.3,72.7,110.8
1972-05-01,20.4,25.5,15.8,45,24.2,22.1,35.4,21.1,20.1,27.5,2.4,30.8,18.9,23.1,24.9,14.8,15.4,24.6,21.1,37.5
1972-06-01,56.1,96.4,73,94.2,80.1,69.2,79.3,80.1,94.8,121.1,74.6,86.1,66,86.6,82.6,86.7,85,70.6,34.9,95.3
1972-07-01,85.1,91,66.1,54.7,76.8,163.4,138.6,54.4,89.5,86.6,0,80.2,61,0,68.3,27.5,64,63.8,59,90.1
1972-08-01,71.5,127.5,98.7,124.3,104.4,90.1,102.5,106.3,64.6,190.8,99.1,110.6,83.1,115.9,130.8,116.4,117.1,91.7,41.2,121
1972-09-01,7.3,97.8,33.3,12.8,31.2,24.6,0,12.9,2.6,42,5.5,2.3,1.4,43.1,24.7,90.5,8.5,25.8,6.6,44.4
1972-10-01,13.2,137.6,98,7.5,74.8,30.2,7.3,29,21.7,75.5,48.9,55.9,44,78,50.6,175.6,5.1,57.2,32.3,61.3
1972-11-01,7.5,135.6,81.3,9.6,82.1,14,1.3,47.2,8.8,30.1,6.6,11.3,0,35.3,38.5,111.3,7.3,43.9,30.5,33.5
1972-12-01,3.6,94.7,35.5,3.3,32.3,25.5,0,14.5,1.3,27.7,16.4,6.1,0.4,17,12.6,76,19,26.8,6.2,17
1973-01-01,6.8,145,56.3,4,58.1,20.8,0.2,24.6,8.8,30.1,18.6,10.8,0,39,14.8,85.5,6.9,37.7,9.9,35.3
1973-02-01,8.2,127.2,61.6,13.4,48.9,23.4,8,37.9,17.3,65.9,17.1,15.4,1.3,37.5,43.1,107.3,12.4,50.3,18.4,39.9
1973-03-01,45.3,536.3,473.8,18.2,147.2,112,18,118.9,127.8,217,90.9,26.1,4.9,208.6,133,484.3,31.5,183.5,95.3,145.3
1973-04-01,21.5,42.7,50,0.9,26.9,25.5,0.9,21.7,12.3,40.2,4.3,2.2,0,35.3,39.1,130.4,10.7,18.8,36.2,51.4
1973-05-01,17.7,69.7,45.5,1.9,38.5,12.8,2.3,11.2,10.7,33.3,2.9,8.7,0,21.8,14.5,55.8,9.9,38.1,11.8,17.4
1973-06-01,8,120.6,18.4,1.4,31.2,22.8,0.1,11.2,22.7,28.9,8.9,5.2,19,19.7,26.4,70.3,6.3,51.1,22.8,16.7
1973-07-01,7.6,14.8,7.2,17.4,15.7,16.4,21.1,16.3,8.8,17.5,11,22.4,11.8,20.4,17.8,10.7,4.8,17.7,14.9,28.7
1973-08-01,5,58.6,22.4,35.9,29.1,13.5,34.1,15,28.8,34.9,13.2,36.2,23.8,11.5,30.4,117.6,22.4,26.8,26.1,44.8
1973-09-01,38.8,67.2,45.4,29,55.7,49.9,7.9,51.2,59.9,60.8,49.2,14.9,2.8,53.5,49.9,272.2,37.2,44.7,44.1,70.9
1973-10-01,7.1,20.5,11.2,22.1,38.7,15.4,24.2,16.6,14.8,22.4,15.2,26.3,15.2,20.3,21.5,15.5,9,20.5,18.3,33.2
1973-11-01,3.5,151.6,27.6,41.7,30.4,14.2,38,33.5,36.6,41.2,31.3,41.5,28.3,34.7,35.2,35.3,27.8,24.5,30.3,38.2
1973-12-01,13.9,12.5,4.4,14.3,14.1,13.3,17.8,9.7,6.3,29.6,8.8,8.8,0,9.2,24.3,7.8,0,14.7,13.7,26.5
1974-01-01,17.4,20.1,9.8,7.7,20,18.4,3,15.4,13.9,20.9,4.5,24.5,13.9,14.4,20.8,63.9,5.4,18.3,18,32.6
1974-02-01,18.2,20.9,11.5,22.4,20.7,18.9,24.3,17,15.4,38.9,15.6,26.7,0,17.4,35.1,15.8,9,20.6,10.2,33.5
1974-03-01,4.5,23.5,13.5,5.8,22.4,19.4,0,15.6,17.4,24.7,6.3,27.8,16.6,35.1,23.2,101.9,10.2,22,19.8,35.7
1974-04-01,24.6,33.8,22,34.7,30.8,27.5,33.7,27.7,31.2,72.7,25.6,36.7,0,29.2,43.3,27.9,22,29.1,10.3,44
1974-05-01,106.7,279.3,22.4,23.2,79.4,24.6,32,18.9,109,90.1,114,191.2,0,27.6,31.1,261.2,94.3,139.6,7,94.8
1974-06-01,9.7,161.5,41.3,2.5,60.8,15.1,5.7,9.9,61.3,71.8,19.8,87.7,34.3,10,45.6,73,29.6,37.8,30.2,95.5
1974-07-01,20.3,180.1,21.1,11.2,38.4,23.4,11.6,13.2,56.8,60.4,18.6,70.8,0,7.9,66.8,57.5,48.4,19.6,9.2,95.5
1974-08-01,28.4,121.3,16.4,12.5,24.7,33.5,0,37.9,38.8,52.6,26.9,116,0,38,16.7,60.5,42.7,43.6,5.7,68.6
1974-09-01,40.2,134.8,30.2,1,33.8,23.5,10.7,0,57.6,180.9,20.2,73.4,0,10.5,41.8,46.1,42.4,43.1,11.3,93.6
1974-10-01,42.8,178.4,27.8,24.1,34.2,37.2,25.9,42.6,107.3,78.4,85.7,125.8,51.2,10,40.4,96.9,45.4,45.2,17.3,71.1
1974-11-01,254.2,673.9,36.2,129.1,165.8,120,265.6,180.9,437.7,270.4,215.3,315.6,20.8,11.5,65.6,318.6,181.6,231.7,46.3,187.6
1974-12-01,22.1,29.1,21.3,3.2,21.1,15.5,15.6,15.3,44.3,60.1,12,71,0,0,19.9,70.2,25,23.4,7.7,40.2
1975-01-01,52.7,125.4,20.6,9.1,50.8,72.5,27.6,25.6,88.5,155,44.1,94.4,0,11.6,68.8,88.5,60.8,43,42.1,48.9
1975-02-01,88.6,204.5,54.9,34.6,82.6,26.2,10.2,8.4,83.2,81.3,27.1,77.1,58.3,12.2,64.3,133.8,119.4,113.1,55.6,52
1975-03-01,161.3,147.3,106.5,133.4,123,112.8,102.6,26.5,149.9,135.7,111.5,121.3,96.1,62.8,105.3,126.7,115.6,93.1,92,134.3
1975-04-01,30.5,96.6,39.2,24.8,35.7,16.4,47.8,21.1,52.4,54.9,90.1,53.2,38.2,0,45.1,118.4,41.1,42.1,38.9,62.4
1975-05-01,29.4,43.4,28.9,13.7,38.5,33.8,9.4,35,38.7,42.9,32.7,74.7,2.1,36.1,36.5,92.9,47,34.1,31.4,51.7
1975-06-01,15.5,31.8,19,31.3,42.9,38.1,29.5,25.3,26.7,31.9,23.5,34,21.9,3.7,28.8,24.9,15.7,25.5,24.8,42
1975-07-01,30.8,133.5,52.3,70.5,76.4,25.4,59.6,59.3,69.7,70,55.5,65.8,48.9,61.9,56,63.8,57.5,41.6,48.3,78.5
1975-08-01,22.2,28.8,18,29.9,27,24.2,30.2,23.7,23.8,49.9,21.8,49.4,0,24.8,20.5,23.2,17.2,26.1,23.1,40
1975-09-01,22.6,30.4,17.9,5,28.1,25.1,10.8,23.8,24.7,30.3,18.5,32.4,20.6,23.3,27.6,77.5,15.1,24.7,23.9,41
1975-10-01,43.9,72.8,54.1,72.3,61.3,53.6,62.5,60.4,69.6,164.4,56.2,67.2,0,65.6,86.8,65.2,61.8,55.1,6.2,76.2
1975-11-01,77.2,113.9,81.8,17.9,94.9,104.9,32.7,38.6,112.9,105.6,206.9,94.9,74,37.8,82.7,193.3,52.5,73.6,72.1,108.1
1975-12-01,25.8,36.1,23.7,36.7,32.8,29,35,29.6,72.4,70.2,27.4,38.4,0,30.9,30.7,29.9,23.8,30.4,6.9,45.9
1976-01-01,6,90.2,11,19.5,8.2,62,38.4,11.8,8.1,1.7,0,0.5,12.7,13.4,110,69.7,3.5,9.6,19,59.8
1976-02-01,26,179.3,12.7,12.7,26.7,97.6,24.7,59,42.8,10.1,1.4,16.8,44.1,76.3,63.2,129.7,20.4,13.1,94,156.3
1976-03-01,17.5,117.1,19.7,49.8,20,112.1,96.5,76.9,63.3,25.9,0,30.5,70.8,101.7,233.1,163.8,47.4,32.5,101,108.1
1976-04-01,12.7,100.6,33,22.6,52,75.2,65.4,69.3,35.6,10.3,68.5,20.7,23.1,62.6,233.5,181.9,21.5,76.4,36.8,164.5
1976-05-01,5.9,140,13.2,22.5,25.1,90.2,65,31.1,45.2,1.8,0,2.7,10,75,277.8,150.5,29.8,18,60.4,94.3
1976-06-01,7.6,72.8,19.1,47.9,14.3,53.3,64.4,18.7,31.3,9.1,0.5,15.7,14.1,64.9,169,88.1,28.4,15.1,37.7,76.9
1976-07-01,3.1,118.3,50.9,85,40.7,79.5,115.9,36.7,43.1,6.4,0,36.3,38.8,77.6,325.9,138.5,5.5,48.2,129.1,120.8
1976-08-01,15.2,18.6,12,3.4,16.8,22.5,15.8,17.4,8,2.3,0,4.3,6.5,24,33.9,30.2,0.3,13.3,22,31.6
1976-09-01,3.4,85.8,36.4,7.4,14.9,54.5,29.5,52.3,6.4,0,0,5.4,10.1,26.2,133,55.7,0,7.5,58.4,51.3
1976-10-01,7.8,126.2,37.6,19,75.9,71.5,32.2,23,54.8,57,4.4,8.5,33.4,86.4,46.7,95.3,8.6,14.3,40.5,107.6
1976-11-01,8.1,49,34.2,49.9,42,83.7,44.8,17.2,43.4,48.1,37.1,46.9,33,46.4,39.8,43.6,37.4,38.7,34.2,56.7
1976-12-01,4.1,84.4,33,22.7,22.9,63.5,43.2,26.6,42.6,46.9,0,45.7,32.1,36.6,39.2,163.5,34.9,13.1,33.8,55.9
1977-01-01,50.8,89.8,66.4,31.3,73.7,65.1,130.5,72.2,84.9,84.5,68.1,17.6,42.9,80.1,66,196.8,37.1,64.2,57.2,89.9
1977-02-01,3.1,32.9,22.2,35.5,16.4,58.8,35,27,26.8,34.1,25.1,35.6,23.2,39.4,29.4,29,24,29.8,25,43.8
1977-03-01,3.3,148.1,49.1,67.5,37.3,87,56.8,55.5,64.3,65.7,52.2,61.3,45.4,58.5,52.8,61.4,53.6,28.9,45.6,66.8
1977-04-01,27.3,39.5,24.8,38.6,35.6,31.1,35,31.1,34.4,1.9,29.2,11.5,15.7,31,94.5,32.4,23.6,30.2,29.2,48.2
1977-05-01,26.7,39.2,26,33.9,34.7,31.2,32.7,31.5,33.7,39.1,0,39.7,26.8,33.9,33.5,80.8,27,32.1,28.7,48.5
1977-06-01,108.2,200.3,151.8,187.6,162.9,137.6,145.9,162.9,203.2,6,153.2,161.5,100.8,170.6,291.8,180.8,176.2,131,127,178.8
1977-07-01,10.7,51.4,36.3,12.4,44.2,63.5,49.1,48.2,46.5,50.7,0,49.5,35.1,89.6,41.7,118.3,1.5,40.6,35.7,58.6
1977-08-01,60.3,104.9,77.7,100.2,87.1,74.5,81.9,85.6,64,4.7,80.2,90.3,40.5,89.9,220.3,93.4,88.2,72.9,47.3,101.7
1977-09-01,44.4,11,3.5,7.4,0.6,9.8,20.6,25.8,7.9,1.3,5.6,27.3,26.2,6.7,3.9,1,25.5,45.6,4.4,4
1977-10-01,9.9,2.7,0.4,0.1,0.1,11.6,24.2,2.6,1.3,0,0.2,13.6,3.7,6.8,9.8,0,13,15,6.9,18.8
1977-11-01,17.3,4.2,1.6,4.7,1.3,14.4,21.1,1.3,1.5,0,0.2,36.6,7.5,8,1.3,1.2,9.9,21.5,9.5,9.4
1977-12-01,33.4,3.3,0.6,1.3,0.6,17.4,14.8,5.4,6.9,0.9,2.8,25.7,9.8,10.4,3.3,2.5,20.8,40.9,16.3,7.3
1978-01-01,41.5,6.8,0.8,0.3,1.6,33.4,31.4,2.9,8.5,0.4,1,31.3,6,17.3,1.4,1.8,21.6,27.6,23.5,6.4
1978-02-01,20.4,1.7,0.7,1.5,0.1,7.9,16,25.8,4.8,0.8,4,31.5,4.7,2.9,1.1,1.8,32.9,9.1,11.1,7.3
1978-03-01,40.3,4.3,1,15.5,0.3,20.4,27.3,61.1,10.5,2,8.4,55.4,6.8,3.8,9.9,5,35.5,34.7,6.5,14.3
1978-04-01,13.2,10.5,2,2.4,12.4,29.2,29.4,26.7,4.1,0,0,16.9,3,6.2,0.4,1.3,24.5,15.3,20.9,24.9
1978-05-01,15.2,1,4.3,3.2,0,46.6,40.7,18.6,4.8,0.2,0.6,40.1,5.1,5.1,0.8,0.7,11.5,81.5,27.5,4.1
1978-06-01,36.6,6,3,2.1,0.4,19.7,27.8,17.1,7.2,15.3,6,23.6,10.4,1.7,16.5,0.5,11.8,15.3,13.9,13.6
1978-07-01,28.6,16.5,7.1,17,17.8,8.9,19.6,9.5,11.3,18.5,12,23.4,12.6,2.9,19,10.3,2.4,16.8,16.2,29.5
1978-08-01,23.8,0.4,0.5,2,0.2,14.3,14.5,8.8,1.3,10.3,0.4,16.5,6.7,6.3,12.9,0.6,-4.5,11.9,10.8,22.3
1978-09-01,15.3,14.5,6.8,1.1,15.9,14.6,14.1,12.2,9.1,17.5,10.9,33.5,9.4,12.6,17.9,4.3,25.9,17.4,15,28.3
1978-10-01,40,40.2,25.9,39.4,0,62.3,35.5,32.4,35.7,39.9,30.2,40.9,27.6,5.9,34.5,32.9,23.9,31.1,29.6,49
1978-11-01,29,4.5,10.7,21.1,0,38.1,24.6,15.9,13.5,21.7,14.3,26.5,15,17.7,20.7,14,9.8,39,17.3,0.2
1978-12-01,12.3,8.5,2.1,11,11.2,10.7,16.3,7.4,2.9,0,6.3,43,9.2,7.3,0.8,4,-1.8,13.7,11.5,23.5
1979-01-01,9.4,3.1,-2.6,0,6.8,7.1,17,2.5,-3.2,6.6,1,13.4,4.1,2,10.1,0,-7.7,9.7,8.4,19
1979-02-01,5.7,-4.4,-8.6,-1.3,0.9,2.1,6.6,-3.7,-10.9,0,-3.9,7.7,4.2,-4.9,1,-7.9,-15.3,4.7,3.2,12.9
1979-03-01,37.8,24.3,14.5,1.4,23.7,16.2,33.7,25.9,19.5,26.4,1.1,30.3,18.3,11.9,24.4,5,48.4,23.7,20.6,36.2
1979-04-01,14.7,13.9,5.3,15.2,15.3,14.1,18.5,10.8,13.1,0.1,9.8,20.8,10.5,10,3,8.7,0.9,15.4,33.9,27.5
1979-05-01,23.4,0.6,0,5,0.4,11.1,67.9,62.1,0,43.4,0.9,0,5.5,2,48.9,12.1,0,5.7,0.3,5
1979-06-01,5.1,1.9,8.6,16,0,0,27.8,23.2,0,16.4,1.3,0,3,9.5,9.6,0,10.7,8.3,0.9,3.1
1979-07-01,4.2,2.3,-1,8.1,1,0,40.7,16.6,0.3,20.3,0,2.5,8.8,0,19.2,0,5.1,9.4,2.9,1
1979-08-01,4.2,3.3,0,5.2,2,9.9,21.5,2.8,0,28.3,3,0,10.1,5,19.2,0,19.6,4.3,0,0.8
1979-09-01,2.2,0,0.9,21.1,0.3,3.1,8.9,15.5,0,22.4,0,0,15.8,0.1,5.6,0,17.1,5.4,0,2.1
1979-10-01,20.7,6.7,1.6,23.3,2.1,10.5,43.9,39.2,4.5,42.3,3.9,2.3,8.8,3.7,30.4,0,29.7,3,5.4,0.6
1979-11-01,6.8,7.1,0.5,105.3,21.6,7.7,105.8,127.6,1.1,95.1,0.9,12.8,15.2,32.2,60.9,1.7,100.7,49.5,8.8,0.3
1979-12-01,18.5,24.2,0,49.2,25.9,45.1,44.5,53.5,0.5,57.7,0,0.3,28,0,7.9,0,34.1,26.8,1.8,36.3
1980-01-01,9.2,0,0,65.7,1.2,67.3,94.3,86.4,0,30.6,0,8.8,40.9,3.7,32.3,0,22.5,27.9,0.3,3.9
1980-02-01,15.5,0,17.2,57.6,11,19.3,122.1,50,8.1,16.7,2.2,1.6,11.2,10.9,17.3,0,14.6,11,14.5,0
1980-03-01,5.4,8.5,1.6,10.7,10.9,11.6,15.4,20.6,2.4,11.5,6,17.3,7.5,0.4,13.6,4.1,-3.3,12.7,11.4,23.4
1980-04-01,4.1,0.1,-2.6,5.1,4.5,11.8,11.9,13.4,-3.1,6.6,0,13.3,4,3.6,10.1,0,-8,6.9,8.4,19.1
1980-05-01,14.8,14.4,6.9,13.2,15.4,14.7,34.4,11.9,8.4,17.2,10.7,3.4,15.3,13.5,17.5,0.4,18.9,17.7,14.7,28.4
1980-06-01,32.2,25.4,14.2,25.5,0.7,38.7,25.5,20.4,20.4,26.5,18.8,29.9,18.2,0,24.8,19,10.3,22,21.2,36.9
1980-07-01,5.8,3,-8.4,-0.9,1.1,12.1,6.6,-3.3,-10.2,0.1,-3.5,7.8,-0.6,-5,5.6,-7.3,-15.5,1.4,4.5,0.7
1980-08-01,16.3,17.5,8,18.7,18.1,16.6,20.8,13.5,11.5,17.8,12.6,1.1,8.6,13,42.9,12.4,4,17.3,16.6,30.6
1980-09-01,18.9,22.3,14.6,18.1,21.6,20.1,66.7,19.4,17.1,25.7,0,29.9,17.9,23.8,23.2,0,16.7,25.2,19.3,35.1
1980-10-01,16.2,16.6,8.7,18.8,17.3,16.1,22.2,14,11.1,30.8,12.5,24.4,20.8,14.7,18.2,11.9,6.2,18.9,3.2,30.1
1980-11-01,27.7,49.7,35.2,88.3,43.5,25.9,74.4,98.2,45.9,50,0,49.9,35.1,26.3,41.2,4.9,23.5,40.1,35,57.1
1980-12-01,9,2.3,-3.2,5.1,6.2,6.6,11.5,1.9,0,9.7,1.3,13,9.4,1.2,6.4,-1.6,-8.6,9.2,1.3,18.4
1981-01-01,68.9,87.3,0.1,16.9,42,0,4,0,5,6.5,0,0,0,0,84.5,76.4,109.4,3.1,59.2,0
1981-02-01,38.8,43,0,0,113.2,5.1,17.8,0,0,0,0,0,3.6,0,22.2,5.5,59.1,0,0,0
1981-03-01,3.9,54.1,0,3.6,31.9,15,1.5,16.4,22.4,0,0,0.6,0,0,112.9,3,86.5,0,10.5,0
1981-04-01,38.8,102.2,0,0.8,34.2,17.2,17.6,17.5,35.2,0,17.7,24.5,0.8,9.2,51.7,79.8,10.6,4.8,1.7,0
1981-05-01,62.1,58.4,2.3,0,126.9,11.8,8.3,0,0,0,0,0,18,0,62.1,24.6,94.3,0,21.2,0
1981-06-01,51.7,105.8,7.1,22.7,74.6,45,0,0,0,0,0,0,0,0,73.9,51.8,55.3,0,0,20
1981-07-01,248.9,240.7,13.7,0,185.6,241.3,0,5.8,0,0,0,0,76,18.8,92.4,145.1,122.1,0,0,0
1981-08-01,9.4,4.9,1.1,0,7.7,9.2,5,0.9,0,0,0.8,0.2,0,0.1,34.2,0,16,8.1,0,20.4
1981-09-01,51.6,27.6,0,0,1.2,39.1,0,0,0,0,0,1.8,0,0,14.7,0.1,22,0,0,0
1981-10-01,0,58.4,2.8,50.4,135,4,7.2,0,20.8,26.8,0,0,15.9,0,25,26.5,0.1,4.8,21.7,0
1981-11-01,0,0.5,-4.4,3.8,4.4,12.1,10.7,0,-6.3,4.1,-0.2,11.1,2.2,5.5,8.2,-2.7,-9.6,8.2,6.7,17
1981-12-01,49.3,33.7,16.8,0,115.1,27.8,26.8,0,26.5,30.4,0,33.1,21,0,28.2,0,11.9,3.1,24.6,40.6
1982-01-01,21,28.3,18.7,6.7,25.8,24.2,35.3,23.1,22,29.8,21.4,0,3.9,28.4,26.3,48.6,85.5,27.6,22.3,40
1982-02-01,3.3,-5.1,-9.1,-1.7,1.2,0.1,6.5,-4.3,-11.9,-1,-4.5,7,-1.3,0,4.6,-8.3,-15.4,4.5,3.6,12.3
1982-03-01,28.3,101.8,24.9,38.4,51.7,37.6,34.4,31.7,35.4,39,29.7,39.9,26.9,30.1,34.1,32.1,22.5,5.1,29.6,0.7
1982-04-01,15.5,15.9,6.3,16.8,16.9,15.5,19,11.9,9.8,0.2,11.1,0,0.6,10.8,59.5,10.6,1.6,15.7,15.7,29.1
1982-05-01,11.5,7.5,1.2,0.3,10.1,10.1,26.2,6.2,1.4,10.8,0,17,7.1,6.7,13,7.1,-2.4,13,10.8,22.7
1982-06-01,11.6,7.6,0.7,9.7,10.4,10.1,14.7,6,1.6,0,5.3,16.6,0,5.3,39.8,3.2,-4.2,12,0,22.6
1982-07-01,31.8,33.6,21.3,0,30.4,50.9,53.4,1.5,27.8,33.7,0,0,22.9,0,29.7,103.7,42.2,28.3,25.6,43.8
1982-08-01,22.2,28.7,17.5,29.4,27,24.1,29.3,23.3,13.3,0.6,21.5,32.6,0.1,23.6,100.6,22.8,15.8,25.2,0,39.8
1982-09-01,0,81.2,0.6,32.5,21.6,28,99.1,53.2,0,40.5,167.8,2.1,114.8,13.6,36.2,2.1,13.4,87.1,7,125.2
1982-10-01,41,66.1,0,78.8,28.6,17.8,91,88.1,0,142.6,114.4,0,55.3,0,69.2,25.6,15.8,143.2,132.1,104.2
1982-11-01,79.7,90.6,0,256.7,67.1,0,333.2,158.1,41.1,120.7,275.7,0,274.1,46.2,48,81,0,142.4,128,216.1
1982-12-01,110.7,117.3,0,158.9,53.2,71.9,189.3,91.6,65.7,143,91.4,0,142.8,114.6,59.4,64.5,24.2,107.8,82.3,222.9
1983-01-01,15.9,15.5,0,70.4,14.7,12,47.2,24.4,5.5,32,26.1,0,46.2,0,21.8,15,0,19.8,41.5,50.6
1983-02-01,49.2,46.4,0,96.4,56.9,21.7,151.7,90.3,0,83.1,77,0,145.8,11.8,21.1,53.5,16.6,64.9,41.7,77.2
1983-03-01,22.8,85,0,84.2,12.3,38.2,260.5,129.5,1.3,114.5,124.5,26.8,296.6,18,40.2,10.9,108.8,10.1,16.9,293.4
1983-04-01,45.8,50,4.3,20.7,66.1,2.3,82.6,95.5,16.8,39.5,144,0,201.7,1.7,25.2,7.9,0,56.4,44.9,57.1
1983-05-01,0,0,18.3,9.7,43.9,1.9,62.8,36.2,0,48.7,42,0,35.4,3.2,0,21.9,0,0,0,71
1983-06-01,28.1,11.4,46.6,26.5,29.5,0,99.5,58.2,50.4,53.5,61.6,10.9,39.5,0,43.9,10.9,0,43.2,37.7,232.4
1983-07-01,6.5,13.8,6,15.7,15.2,0,19.2,50.6,8.3,16.7,10.3,22.1,11.4,0,17.4,8.8,1.9,16.3,14.5,27.7
1983-08-01,46.4,74.3,97.1,265.1,60.4,10.5,101.2,52,124.6,120.7,274.5,109.5,85.5,11.3,91.4,39.7,115.4,178.5,77.8,118.8
1983-09-01,44.2,70.8,51.2,45,60.9,51.7,90.1,58.8,69.2,69.5,54.6,0,157.5,60,55.6,14.1,2.8,52.3,47.5,73.9
1983-10-01,3.3,17.8,8.2,18.7,46.1,15.8,20.8,13.9,12,19.3,12.8,23.7,13,4.9,19.5,12.3,3.9,17.5,16.8,30.7
1983-11-01,1.9,3,1.4,10.4,10.7,3.2,16.5,6.2,0.9,10.8,5.2,17.1,7.1,7.5,12.9,3.5,-1.4,30.9,10.5,29.1
1983-12-01,47.4,80.5,59,78.8,67.3,58.6,66.3,65.6,77,147.3,61.5,0,83.9,70.4,39.9,72.1,66.8,58.2,52.4,82.2
1984-01-01,115.6,210.5,165.7,106.2,171.8,144.5,234.5,176.8,217.8,201.4,273.7,179.1,143.9,191.1,149.8,65.8,200.6,147.6,128,188.1
1984-02-01,58.1,101.2,74.8,97,84,72.1,79.9,82.3,99,119.7,77.2,87.1,67,87.4,0,90.4,85.6,70.9,114.7,98.6
1984-03-01,34.6,52.3,37.5,51.8,45.2,23.3,139.8,52.1,48.1,52.2,70.1,0,36.4,40,42.7,10.5,0,42.2,36.4,59.3
1984-04-01,56.6,96.6,74.9,95.6,80.3,69.5,82.2,81.8,6.7,76.6,75.7,89.1,195.4,90.1,3.2,87.4,89.3,73.8,73.4,95.9
1984-05-01,94.6,9.3,30.7,25.1,187,16.2,207.8,17.4,82.2,171.5,61.7,82.4,9.7,135.6,85.9,50.2,58.5,141.9,0,46.1
1984-06-01,0,44.3,6.7,19.6,52.5,0,76.9,24.6,65.8,103.9,22.8,25.9,20.6,13,28.4,16.6,16.7,26.5,2.2,22.6
1984-07-01,0,6.8,4.6,5.7,31.4,3.6,63.3,8.8,41.1,114.1,38.9,12.3,9.5,28.2,6.8,1.8,25.2,10.4,10.2,34
1984-08-01,12.1,9.3,1.7,25.3,89.7,6.4,125.6,14.5,55.4,26.3,20.3,22.5,5.8,44.6,6,12.9,68.4,93,40.3,15.4
1984-09-01,14.3,15.8,11.3,37.8,65.4,0.2,67.8,10.2,71.2,82.6,3.4,22.2,0,29.8,23.2,27.1,45.8,45.4,15.4,18.7
1984-10-01,27.3,0.9,11.7,15.2,128.4,14.1,51.2,5.2,69.2,62.1,30.6,9.1,0,70,29.4,8.6,74.4,39.1,19.2,8.5
1984-11-01,36.1,19.2,81.3,19,76.5,21.3,50.9,42.9,147.8,91.7,17.8,30.1,5.7,81.9,21.5,12.5,103.2,162.1,48.2,20.8
1984-12-01,29.7,42.3,0,28.6,39.2,10.9,67.3,35.3,63.5,222.1,8,26,16.2,72.9,10.2,0,12.3,43.1,16.3,51
1985-01-01,104.7,0,4,21.9,51.5,2.3,88.3,9.1,42.8,166.5,10.9,43,2.5,36.4,23.9,21.9,9.4,34,2.6,3.8
1985-02-01,11.1,9.1,12.3,12.4,68.1,6.6,88,3.1,18,24.7,18.6,47.7,0,61.5,23.3,33.3,17,30.9,19.5,55.9
1985-03-01,2.3,15.9,11.2,22.1,15.7,1.2,28.5,0,9.5,20.4,12.9,25.1,13.8,88.2,18.8,15,16.2,23.5,15.2,30.6
1985-04-01,15.1,12.3,16.4,21.3,49.6,3.4,29.4,2.6,21.1,28.2,22.7,31.5,19.4,39.4,25.5,36.3,16.3,38.9,21.6,38
1985-05-01,34.6,54.5,40.8,30.5,46.6,41.7,121.1,45.8,50.3,55.2,42.4,49.5,4.3,54.1,44.3,28.6,62.3,46.4,37.5,61.6
1985-06-01,16.9,48,33.8,48.5,85.2,8.2,45.1,39.7,43.9,48.2,36.8,48.2,33.7,62.7,39.9,41.4,38.1,39.4,34,55.7
1985-07-01,5.7,0,12.7,23.8,72.1,0,25.1,18.5,17.7,24.5,17,28.2,16.7,18.4,23.2,17.2,10.1,18.7,19.8,52.3
1985-08-01,19.7,24.1,14.3,25.8,23.1,21.1,27.1,19.7,18.6,73.4,18.1,31.3,1.3,20.9,4.6,19.1,12.9,23.1,20.3,36.2
1985-09-01,23.3,30.3,19.3,14.7,28.4,25.1,41.8,25.2,25.8,32,37.9,35,22.3,26.4,28.4,10.4,19.1,27.4,24.1,41.2
1985-10-01,31.9,48.4,35.4,50,42.1,37.5,46.7,41,44.5,113.8,37.8,50,35,45.6,22.4,42.5,40.2,41.1,10.3,56.4
1985-11-01,90.9,91.3,67.7,32.7,76.8,61.8,118.2,54.4,89.9,87.8,118.2,40.4,61.9,131.5,68.7,27.5,27.8,66,59.1,90.7
1985-12-01,30.8,46,31.5,45.9,40.6,35.6,42,37.6,101.8,98.8,35,45.9,1.9,39.6,9.1,39.2,33.4,36.6,18.4,53.9
1986-01-01,98.8,153.2,121.3,102.3,100.1,29,26.1,10.1,21.3,35.8,51.2,76.9,160.7,82.7,17.5,97.5,113.1,31.3,32.9,8.1
1986-02-01,75.1,157.4,240.2,59,166.5,49.2,36.5,7.5,141,76.1,22.3,140.9,82.2,96.2,82,281.6,64.1,28.3,132.1,78.1
1986-03-01,153.6,126.8,268.2,37.7,144.8,106.9,22.1,13.2,228.5,155.4,33.7,91.6,263.4,298.4,20.4,251.7,84.1,39.5,128.8,18.5
1986-04-01,72.8,150.6,139.6,70.9,103.2,52.1,29.3,67.4,63.2,14.5,67.8,55.6,134.9,69.1,9,98,65.4,31.2,41.2,30
1986-05-01,133.7,103.2,258,67.3,200.3,111.8,53.2,0,113.7,106.3,21.9,113.2,315.6,134,46.7,199.4,75.6,49.7,62.7,91.9
1986-06-01,74.7,61.7,159.6,73.9,156.1,39.3,21.1,7.1,40.3,31.4,12,106.1,147.2,84,38.4,109.9,76.7,22.7,82.6,20.2
1986-07-01,275,469.9,589.8,246.6,323.9,70.2,79.8,40.9,216.5,163.8,53,281.9,369.7,391.6,142,494.4,292.5,75.5,188.6,79.5
1986-08-01,47.2,74.9,108.8,27.1,63.6,53.5,29.1,4,145.7,59,12.8,60.8,73,128.2,42.9,97.7,139,56.6,74.9,77.3
1986-09-01,233.1,189,257.7,78.8,145.9,34.5,12.8,0,128,34.3,32.8,44.4,146.5,130.4,56.6,198.7,235.2,66.8,77.1,84.1
1986-10-01,171.9,134.5,45.9,76.1,186.6,26.3,14.3,8.2,104.9,98.9,19.4,37.4,124.5,139.4,77.6,95.1,54.6,36.9,70.9,5.6
1986-11-01,131,108.5,83,105.1,91,11.2,90.1,10.7,109.3,105.2,84.2,97.3,74.9,168.8,81,96.9,100.9,80.4,69.3,104.9
1986-12-01,100.1,105.5,113.1,174.9,210.9,95.5,114.4,8.8,148.2,139.1,22.2,122.4,97.5,212.6,105.7,274.9,133.4,36.7,91.5,137.8
1987-01-01,102.7,184.3,140.3,116.4,151.8,126.5,75.3,152.7,190.2,174.1,142.5,91.1,315.5,155.2,131.6,116.3,140.7,122.6,113.3,165.7
1987-02-01,150.5,164.2,123.4,152.1,152.9,40.3,120,135.2,168.8,154.5,126.3,138.5,110.1,112,117.8,143.9,140.3,109.1,101.8,149
1987-03-01,143.5,205.7,144.1,176.7,366.6,27,137.6,156.9,197.6,178.6,147,158,127,159.7,135.7,168.7,164.6,98.8,117.8,44.2
1987-04-01,35.9,55.9,39.7,55.3,48.5,42.2,49.3,46.2,52.4,32.6,42.9,45.6,66.4,48.9,40.9,48.3,43.6,43.5,38.7,62.1
1987-05-01,56.5,100.3,74.4,51.9,82.3,72,66.3,81,96.5,94.2,20.3,84.8,65.5,87.7,73.2,221.9,85.5,70.1,63.4,98.3
1987-06-01,41.2,66.9,47.8,65.2,57.1,49.4,56.2,54.5,63.4,74.1,50.9,61.5,45.2,57.5,16,58.5,52.9,49.5,70.6,70.9
1987-07-01,107.7,100.4,74.1,46.1,83.6,69.4,9.6,24.7,98.4,94.9,19.6,82.6,66.6,126.7,74.1,214.9,122.3,70.2,64.1,98
1987-08-01,62.6,108.7,83.6,106.1,90,77.4,89.1,91,88.7,81.5,84.6,97.1,163.1,98.8,22,98.1,98.7,79.9,69.8,105.5
1987-09-01,102.5,120.4,157.5,82.3,27.6,48,68.7,155.7,59.8,31,32.3,161.7,106.5,113.9,95.2,37,89.7,119.6,149.2,191.6
1987-10-01,85.2,93.2,202.4,156.8,84.6,206.6,95.1,273.7,139.2,40.3,66.4,316,156.1,210.8,133.8,50.7,90.2,118.2,183,295.2
1987-11-01,145,51.8,171.5,83.4,36,119.3,153.9,135.4,152.5,36.9,39.8,214.7,162.2,78,59.7,36,133.5,110,156.7,197.6
1987-12-01,31.9,27.9,58.7,66.1,23,46.6,26,52.3,21.6,13.4,44.8,70.4,31.3,50.8,45.5,16.4,19.7,88.7,86.4,99.7
1988-01-01,79.9,52.2,166.5,108.6,28.2,125,84.8,164.1,113.2,18.4,61.9,199.8,82.4,93.2,68,20,80.4,73.7,167.8,237.6
1988-02-01,110.8,32.9,151.4,115.6,17.2,137.4,79.5,226.5,100.7,41.2,59.2,219.6,81.2,194.5,43.7,30.5,28.7,83.7,228.6,201.7
1988-03-01,255.5,150.5,356.7,207.8,48.7,289.1,254.5,394.2,414.8,28.3,119.7,210,74.5,258.6,91.9,63.5,101.3,290.3,528.7,482.6
1988-04-01,55,87.6,80.4,44.7,73.3,83.4,66.2,111.4,58.8,22.1,33.3,105.4,49.5,76.4,29.5,67.7,31.9,56.1,138.8,87.5
1988-05-01,46.4,120.3,178.8,103.8,68,110.7,157.3,145.5,156.8,12.5,35.2,91.6,25.3,98.6,6.4,126.2,57.1,79.8,194.8,149.9
1988-06-01,29,31.6,70.2,92.3,12.9,73.9,54.6,118.1,75.3,76.2,15.4,74,43.4,85.5,59.9,31.5,96.3,102.1,51.3,215.4
1988-07-01,37.2,136.2,106.2,133.1,110.9,71,109.2,207,136.2,131,106,117.5,92.5,120.4,98.8,125.1,126.3,97.8,84.3,128.3
1988-08-01,26.4,24.8,79.7,221.3,39.3,79.5,87.2,85.5,99.9,99.6,98.7,90.8,70,130.5,75.9,83.6,96.3,84.2,64.6,100.9
1988-09-01,63.1,107.9,80.6,151.1,90.4,76.3,48.2,89.5,108.4,103.7,83.3,129.1,94.3,92,80.3,27.7,84.3,75.7,68.9,104.1
1988-10-01,34.4,119.2,91.9,117.4,94.6,117.7,97.2,98.3,116.9,113.8,92,101.9,79.7,125.2,86.5,110.3,110,86,74.2,114.3
1988-11-01,38.9,88.7,82.8,106.9,30.7,115.8,87.2,89.7,107,104,84.2,93.4,72.7,96.7,80,100.3,95.5,55.8,68.9,195.8
1988-12-01,90.4,161.6,127,155.6,132.5,112.4,127.9,136.3,165.6,34.3,126.5,270.6,138.1,147.5,67.8,146.3,152.5,116.2,99.6,148.7
1989-01-01,48.4,80.9,63.2,87.7,67.7,59.3,137,68.9,78.9,81.1,35.3,76.8,57.4,79.9,62.6,23,78.6,65.5,52.8,83.3
1989-02-01,81.6,147.7,108.7,137.5,121.3,102.5,107.6,118.4,147.4,44.7,111.7,119.5,95.1,122.4,66.3,131.6,123.4,96,181.2,135.5
1989-03-01,93.5,146,111.5,138,119.9,158.7,118,190.8,147.4,138.5,0,147.8,98.1,140,105.2,65.1,102.7,100.9,90.5,135.3
1989-04-01,49.2,83.1,58.9,78.7,70.1,59.9,64.8,66.5,81.1,13.9,62.6,71.9,39.1,68.5,38.3,72.5,64.6,57.3,128.1,83.5
1989-05-01,20.3,0,8.4,70.7,165.3,160.7,96.9,165,102.7,57.9,65.1,58.5,15.7,20.8,122.8,14.2,19.4,36.1,29.4,89.9
1989-06-01,20.5,0,29.9,156.9,177.5,185.5,43.7,262.2,88,117.5,126.9,45.1,86,36,101.8,3.2,0,90.1,66.1,96.3
1989-07-01,9,4.6,19.8,106.6,127.9,102.3,93.1,118.6,74.8,65.2,86.8,47.1,22.1,23.5,52.4,11,11.6,60.8,29.5,104.5
1989-08-01,11.6,9.9,30.9,107,153.3,127.1,38.9,66.4,113.5,87,73.7,39.3,25.7,49.3,86.2,24.8,15.2,43.9,49,95.7
1989-09-01,8.3,7.5,12,118.4,219.7,87.4,58.4,198.3,71,58.3,97.3,31.7,8.1,27.5,54.7,27.2,19.3,91.7,40.6,98.2
1989-10-01,2.6,0,22.8,63.5,122.4,62.9,47.5,85.2,28.5,41.5,42,27.1,12.8,4.2,67.6,7.4,6.4,32.9,31.2,58.9
1989-11-01,50.8,37.2,153.2,596.9,495.4,541.1,199.2,742.6,325.8,194.8,443.5,85.4,38.5,62.9,328.3,14.4,53.3,206.2,340.9,293.1
1989-12-01,28.2,43.5,17.7,52.6,38.9,37.5,26.4,40.6,34.6,52.5,34.7,26.8,15.8,13.4,29.5,12.5,4.7,28.1,44,51.8
1990-01-01,17.9,9.1,16.1,57.6,40.7,70.2,60,58.5,53,33.2,33.6,26.9,4.8,11,60.5,4.6,10.6,23.6,67.7,64
1990-02-01,3.7,0,17.7,49,61.8,59.9,20.1,52.4,28.3,34.1,11.8,35.7,3,6.3,30,0.1,8,9.2,25.6,54.8
1990-03-01,2.1,16.5,8.2,18.6,17,24.1,21.4,29.1,10.4,18.8,12.2,23.3,12.6,8.4,18.8,12,5,18,15.9,30
1990-04-01,19,0,90.2,177.8,184.5,99.3,92,257.7,120.1,114.3,98.2,103.3,80.7,32.1,87.9,31.3,101.8,57.7,75.6,114.1
1990-05-01,37.3,60.3,43.1,140.8,51.3,45.2,79.5,49.1,55.8,58.6,45.9,41.4,18.6,52.8,47.5,20.1,7.8,45.7,40.8,65.7
1990-06-01,7.7,29.9,18.2,30.7,23,57.2,29.5,23.8,24.1,30.4,22.2,32.5,20.6,8.5,27.4,24.4,15.9,25.2,23.5,40.8
1990-07-01,9.1,0,58.3,77.3,150.1,57.3,66,64.9,76,76.4,60.6,71.3,53.5,69.9,60.2,70.3,66.6,63.5,51.7,114.3
1990-08-01,24.1,32.9,20.8,33.5,30.2,26.9,32.3,26.6,27.8,51.3,24.7,31.8,4.4,27.5,38.9,26.9,20,27.8,25.4,43.2
1990-09-01,36.5,56.4,40.2,74.5,49.1,42.4,52.2,46.9,53.4,56.2,61.3,55.2,39.5,49.1,45.8,4.2,43.9,44,39.1,62.4
1990-10-01,56.2,96.6,71.8,93.1,80.5,69.1,77.3,79.3,94.8,75,74.1,84.8,64.9,84.2,83.8,86,82.1,68.9,62.3,95.1
1990-11-01,10.4,48.8,33.2,60.8,42.7,77.6,66.4,73.3,44.4,48,52.6,28.9,33.3,11.5,40.1,0,1.6,37.4,34.5,56.1
1990-12-01,52.9,90.2,66.3,86.9,75.5,64.9,72.2,73.7,127.3,80.4,69,79.3,24.3,77.7,100.5,80,75,64.1,42.5,89.8
1991-01-01,11.6,26.2,6.4,90.1,51.6,24,29.4,94.7,20.7,134.9,178.1,64.5,38.4,6,18.8,31.7,15.1,39.1,46.2,113.8
1991-02-01,17.7,21.5,21.2,42.2,42.5,21.4,35.9,45.3,11.2,108,53.8,91.8,38.9,16.6,40.6,19.1,18.5,45.7,26.8,86.2
1991-03-01,13.3,14.9,18.1,55.7,80.3,34,50.5,63.7,11.3,124.4,107.1,72.8,64.7,7.8,23.5,21.8,46.6,47,21.9,128
1991-04-01,12.5,27.8,17.1,38.4,87.1,21.3,29.2,38.9,16.6,98.4,39.4,56.8,58,46.9,14.1,17.4,18.5,60.5,28.7,76.4
1991-05-01,7.8,13.8,33.8,40.4,69.2,28,33.4,54.4,10.6,101.7,74.8,77,60.4,7.2,50.6,20.3,48.9,69,20.5,106.1
1991-06-01,12.6,72.3,57.6,54.9,136.6,23.7,35.8,78.5,42.6,154,205.5,133.4,159.9,16.7,33.8,54.8,25,109.6,68.8,102.2
1991-07-01,20.2,258.6,172.3,283.9,441.2,73.3,120.2,201.7,96.9,818.8,590.8,344.9,256.7,53.6,85.1,118,95.9,317.6,231.1,504.5
1991-08-01,24.2,34.3,1.3,39.1,32.2,11.2,6.6,29,0.7,120.5,45.2,18.8,22.3,1.6,16.2,14.3,1.7,27.3,22.7,44.5
1991-09-01,11.5,32.7,6,52.5,41.2,34.9,49.6,41.7,8.7,186,48.8,48.7,46.8,15.6,24.9,17.8,5.8,54.1,57.3,76.2
1991-10-01,32.5,41.3,74.2,99.9,94.3,41.5,36.4,63.1,102.1,99.2,163.6,55.4,27,3.6,76.7,23.8,42.4,62.2,64.6,248.6
1991-11-01,35.4,46.4,30.9,44.7,41.5,24.1,39.8,68,42.9,46.1,35.2,46.6,32.3,9.5,39,37.8,29.9,35.3,33.4,53.9
1991-12-01,7.1,18.2,52,86.2,75.9,32.2,58.8,74.1,69.2,69.9,211.1,66.1,49,3.2,55.8,29.6,56.2,43.3,47.9,75
1992-01-01,45.8,74.4,54,105.5,63.6,54.2,32,61.6,72.7,72.6,57.2,68.4,84.9,63.1,57.8,15.3,63.6,54.5,49.5,76.9
1992-02-01,8.1,16.8,7.9,18.1,30.4,11.6,20.7,26.5,11.2,18.9,12.3,23.6,12.8,3.2,19.1,11.5,3.9,17.6,16.2,30.1
1992-03-01,29.1,28.7,52.6,70.7,84.7,50.3,60.7,59.2,68.8,70,55.2,66,49,63.3,55.7,63.8,59.3,51.7,47.7,114.5
1992-04-01,49.4,82.3,62.4,81.3,69.2,59.9,70.3,69.2,80.6,101.2,64.1,111.1,71.4,75.2,5,73.5,72.8,62.8,53.8,83.9
1992-05-01,36.5,55.6,37.6,51.5,49,41.5,20.6,45.3,52.9,54.2,98.5,53.4,38.1,43.4,45.1,10.1,37.3,40.4,38.8,61.1
1992-06-01,33.5,51.5,37.6,52.6,44.6,39.5,48.4,43.3,47.7,113.9,40,51.9,36.7,47.7,11.8,45.3,42.5,42.6,24.6,58.9
1992-07-01,14.4,76.3,53.8,75.1,65.1,36.1,17.3,120.6,74.2,73,182,91.7,51.3,12.1,58.6,46,0,52.5,50.6,78
1992-08-01,32.1,48.5,34.6,49.1,42.4,37.4,45.3,40.5,20.9,81.1,37.4,49.2,59.1,43.9,4.1,42,38.2,39.9,37.8,56.2
1992-09-01,30.9,8.2,19.6,67.8,31.3,15.9,68.9,0,21,87.3,18.5,6.8,25.7,146.2,36.6,34,35.4,65.8,29.9,81.8
1992-10-01,65.4,31.6,88.1,87.3,35.9,5.5,58.3,24,47.1,78.1,42.9,16.7,45,116.4,48.4,46.7,55.3,97,70.8,91.8
1992-11-01,68.2,7,53.5,66.3,49.4,18,62.5,15,51.1,77.6,21,19.6,42.1,58.2,22.2,24,56.8,101,38.3,72.2
1992-12-01,29.7,12.1,32.8,47.7,19.6,15.3,53.3,20.8,30.8,48.7,21.3,3.2,11.8,33.3,29.5,17.6,15.2,53.1,13.3,52.3
1993-01-01,56.5,10.2,39.2,68.4,24.4,11.2,85.8,8.6,50.8,75.7,22,11.4,29.1,131.2,30.9,43.8,37,51.1,44.1,75.4
1993-02-01,36.1,33.3,44.8,80.4,25,22.5,58.7,15.3,52.3,84.8,17.1,6.7,19.8,103.7,53.7,25.2,39.6,43.9,50,76.1
1993-03-01,101.2,117.6,85.6,259.8,189.2,77.7,228.6,50.1,181.5,316.5,74,32.4,172.4,424.5,305,138.7,76.1,267.9,194.5,122.6
1993-04-01,32.5,55.2,68.5,61.7,47.6,16.8,57,17.3,51.4,58.5,37.6,14.1,29.7,94,68.2,38,70.7,45.8,41,61.5
1993-05-01,32.1,8.3,27.4,49.5,17.9,10,35.1,2.8,59.4,26.2,11.2,10.5,32,75.8,32.4,22.3,28.6,36.8,12.2,35.9
1993-06-01,40.5,26.6,18.6,25.4,20.5,15.2,36.7,2.2,21.6,27.9,7.6,6.9,35.8,127,25.6,16.6,23.4,60.6,21.9,62.9
1993-07-01,24.8,24.9,16.1,27.7,23.7,9,30.2,4,19.6,27.4,19.2,31,18.9,56.4,24.7,20.7,17.8,25.7,20.7,37.1
1993-08-01,20.5,7.9,25.6,89.7,18.6,8.4,38.7,6.5,31.2,38.1,19.8,39.9,26.5,47.7,32.2,44.1,29.4,67.3,27,46.5
1993-09-01,59.1,105.8,80.4,209.2,86.3,75.8,154.5,86.5,102.3,100.5,81.2,26.7,45.1,96.5,77.2,53,50.4,76.2,66.5,103.2
1993-10-01,25.9,35.1,25.2,38.4,32.9,8.4,39.6,3.7,30.1,37.3,27.3,39.3,26,98.8,31.5,31.2,31.2,34,26.4,45.7
1993-11-01,33,4.2,24.2,36.6,24.5,17.5,37.5,29.6,30.2,37,26.9,39.7,26,33.9,31.4,29.1,27.8,67.2,26.3,40.7
1993-12-01,24.9,34.6,22.2,35.3,31.5,28.1,33.7,28,29.5,55.8,26,2.3,39.8,29.2,28.9,28.7,21.9,28.9,26.3,44.7
1994-01-01,29.5,43.9,31.1,58.9,38.6,34.4,60.5,36.6,39.4,44.8,10.9,45.4,31.2,41,37.2,29.7,35.2,37.4,31.5,52.6
1994-02-01,47,78.5,57.9,76.8,66.1,57.2,65.6,64.7,75.8,97.5,60.4,71.4,53.4,69.4,39.4,69.7,66,58.1,56.3,80.5
1994-03-01,52.6,63.2,48.2,65.9,53.3,25.7,124.5,4.8,59.1,63.3,7,13.6,44.2,180.6,50,52.7,31.9,52.5,42.4,68.9
1994-04-01,64.1,112.8,85.2,109,93.1,80,89.6,92.9,65.5,117.5,86.8,97.4,75.7,99.7,84.4,101.8,99.1,79.9,88.8,108.5
1994-05-01,147.8,27.4,22,100,16.7,31.3,13.6,173.8,56.9,92.2,37.5,107.5,18.6,214.1,44.3,143,190.7,78.4,11.9,64.1
1994-06-01,49.2,51.4,8.8,50.8,18.2,10.5,0,91.2,81.7,8.3,35.8,70.2,31.4,95,35.8,55.2,52.1,13.5,7.1,25.3
1994-07-01,50.9,35.5,12.4,35.2,34.1,25.1,8.1,77.9,27.3,13,44.2,48.3,5.5,95.9,56.9,37.4,46.4,12.4,3.8,18.2
1994-08-01,39.3,29.5,2.8,64.7,0,11.9,9.5,24.2,40.3,14.4,15.5,76.7,6.9,36.3,37.3,42,102,14.9,0,69.4
1994-09-01,105.2,61.7,4.9,50.1,13.5,12.7,3.6,128.9,69.3,26.5,50.3,91.3,21.7,212.3,62.1,46.4,60.8,13.4,7.4,51.6
1994-10-01,124.9,35.4,9.9,98.3,11.9,32.5,9.6,69.1,53.8,19.1,59.4,36.1,9.7,202.9,65.7,67.2,73.3,26.6,5.7,43.6
1994-11-01,292.5,41.4,100.3,358.9,62.4,34,95.1,250.9,209.4,32.9,204.2,146.7,13.4,780.1,124.3,99.3,261.3,47.2,7.1,38.3
1994-12-01,20,29.8,8.1,20.7,24,27.1,15.7,74.9,28.6,20.9,6.8,20.7,1.7,117.9,33.4,43.7,34.5,30.6,0,40.8
1995-01-01,39.6,9.1,13,73.3,20.6,25.7,31.7,103.8,46.7,34.7,20,51.4,11.8,180.5,82.4,65.5,78.7,15.1,0,17.4
1995-02-01,92.2,34.6,37.2,42.5,12.7,11.2,0,82.1,56,58.1,34.8,67.2,6,170.3,47.4,52.8,73.9,42.6,39.9,100.1
1995-03-01,176.5,282.4,224.5,270.7,227.3,100.2,216.1,261.2,291.5,267.3,220.1,233,190.2,316.9,196.7,260.8,274.8,194.9,168.6,247.4
1995-04-01,49.4,20.5,48.8,109.7,4.7,7,58.4,75.2,62.3,65.1,105.7,62.3,45.6,112.8,51.7,64.7,56.3,17.5,44,70.4
1995-05-01,35.4,55.5,39.4,76.7,47.9,42,15.6,45.6,51.5,54.7,42.4,67.3,14.7,48.9,44.7,45.6,89.4,43.2,38.3,61.8
1995-06-01,55.6,63.7,48.8,65.7,7.1,24.2,60.4,65,60.6,64.6,50,62.5,45.5,115.6,50.9,58,59.9,53.1,42.9,69.2
1995-07-01,62.3,23.6,19.8,31.7,8,12.3,31,26.2,27.9,33.1,24.1,35.9,23.1,25.6,29.5,24.7,18.1,19.5,25.1,36.8
1995-08-01,17.8,19.7,10.8,21.4,19.9,18.1,23.9,16.4,14.5,19.9,14.9,46.3,6.5,16.9,15,14.5,8.6,20.5,17.9,32.6
1995-09-01,30.2,44.7,28.7,43.1,39.8,34.5,5,35.6,40.2,43.4,49.7,43.4,30,34,37.2,57.7,26.7,32.8,32.3,52.4
1995-10-01,28.3,40.6,27.5,40.9,36.4,32,38.4,33.6,36.4,8.4,31.1,42.7,28.9,35.1,92.7,33.8,28.5,33.7,0,49.6
1995-11-01,97.6,155.7,121,104,126.7,67.3,54.2,282,156.6,147.9,50.9,43.3,104.4,368,111.3,138.3,102.6,109.6,95.6,143.8
1995-12-01,33.1,50.2,35,49.7,44,38.3,44.9,41.4,62,19.5,38.4,49.8,35,43.3,82.7,42.7,37.5,39.6,9.6,57.3
1996-01-01,18,21.9,4.5,0.9,19.2,68.5,35.8,4.6,13.3,0,39.2,79,17.5,62.7,51.4,5.2,10.5,27,11.8,8.4
1996-02-01,30.9,57.8,32.7,7.7,32.3,32.2,24.1,15.1,59.5,11,82.7,237.9,45.3,135.3,34.8,33.2,41.3,61.1,7.4,36.4
1996-03-01,45.4,93.2,32,8.5,30.6,98.1,100.4,61.2,90.9,14.9,91.5,305.9,71.7,85.3,69.8,36.9,67.8,76.5,33.2,56.3
1996-04-01,31.9,87.8,46.3,7,50.4,63.6,26.2,61.6,55.3,7.7,39,242.7,35.8,51.6,53.8,24.2,28.3,52.6,38.5,35.7
1996-05-01,20,79.9,24.6,1.8,42.7,29.4,27.4,34.9,42.8,2.7,102.1,225.1,47.1,77.9,33.2,9.1,31.6,53.7,6.5,49.4
1996-06-01,4.6,32.3,15.5,4.5,11.5,42.6,55.7,29.9,38.8,6,72,131.6,64.3,88.6,42.4,24.2,34.9,53.2,13.9,33.8
1996-07-01,14.8,116.3,32.1,1.6,35,55.4,70.2,37.1,74.6,17.9,112.6,268.3,81.8,124.3,77.2,48.9,52.8,53.1,9.7,21.4
1996-08-01,15.5,7.7,5.1,1.7,10.4,13.2,13.4,4.3,7,1.3,16.1,71.8,6.5,22.6,15.8,2.2,4.8,18.3,4.6,22.7
1996-09-01,7.2,41.2,10.3,1.3,17.7,40.2,63.1,9.7,17.7,0,43.5,159.5,23.3,85.8,24.7,6.7,14.2,33.4,4.8,26.3
1996-10-01,15.3,39.3,25.7,44.4,58.7,64.1,39.9,10.6,36.9,41.5,43.4,50.5,25.6,97,35.4,2.8,19.7,18.6,30.3,43.7
1996-11-01,16,38.5,27,40.6,34,31.7,39.6,30,33.4,39.7,29.6,40.9,27.5,58.4,33.5,33.7,30.6,34.2,28.3,48.3
1996-12-01,12.3,32.2,34.9,19.9,29.5,28.8,46.3,31.2,44.3,49.2,108.9,49.1,34.4,100.9,40.4,22.5,39.7,38.1,34.2,56.3
1997-01-01,55.8,89.4,66.1,12.5,77.2,63.6,50.9,76,91.8,88.6,69.8,242.2,59.4,74.7,69.6,23.4,39.7,65.1,59.1,88.6
1997-02-01,17.6,23.2,14.4,26,12.6,26.9,28.3,4,17.6,25.5,17.7,29.1,17.4,48.2,23.4,19.2,15,24,19.7,35.7
1997-03-01,2.9,19.2,23.3,36.4,30.3,63.4,35.9,28.5,29,35.8,26.3,37.6,24.7,32.1,30.7,29.6,25.4,46.6,26,31.9
1997-04-01,47.5,78.1,57.4,75.5,66.3,56.7,64.8,64.7,76.3,6.5,60.1,155.4,4.7,68.3,90,68.1,65,58,51.5,80
1997-05-01,36.1,54.8,37.5,0,48.4,41,41.1,45,52.1,53.9,101.3,53.4,38,44.5,44.7,33.5,38.7,41,38.4,60.6
1997-06-01,27.5,39.1,25.9,39.1,35.3,30.9,36.7,32,34.7,5.5,29.7,40.9,27.5,33,74.9,32.3,26.1,32.1,14.4,48.2
1997-07-01,9.7,51.7,36.9,5.8,45.7,30.7,25.5,15.9,49.3,52.8,74.2,177.2,37.6,68.1,43.2,10,20.9,41.8,36.5,58.6
1997-08-01,26.8,37.5,24.6,37.6,34.1,29.9,35.6,30.8,68.1,6.1,28.5,39.8,26.6,31.6,59.1,30.7,24.6,31.1,5.9,46.9
1997-09-01,31.8,11.5,0,0.2,0,6.3,4.7,3.1,26.4,37,0.5,16.6,0,1.9,24.5,25.4,4.3,4.3,11.2,39.5
1997-10-01,5,3.9,0,0.6,0,8.4,0.5,0,3.6,9.8,0.9,9.2,3.2,0.1,8.9,6.4,2.4,8.8,3.4,18.5
1997-11-01,31,2,2.3,2.5,0,8.3,6,0.6,26.6,26.5,2.7,3.1,0.1,0.1,35.8,28.9,4.4,3.2,8.3,20.4
1997-12-01,45.7,3.8,0.4,0.5,0,6.4,1.9,1.7,22.2,1.3,1.4,4.6,0,0.3,11.3,23.3,7.4,1.8,3.5,14
1998-01-01,26.9,4.7,0.4,1,0,2.1,13.3,3.3,10.1,15.4,2.9,14,0.1,0.7,37.8,15.3,4.8,1.5,5.9,19.7
1998-02-01,22.1,0.4,0.3,0.8,0,6.3,4.3,1.3,16.2,9.1,0.5,4.5,0,0.7,9.8,20.6,4.7,6.7,14.4,11.3
1998-03-01,43.1,3.8,1.3,1.4,0,2.4,7.2,6.5,29.3,28.5,4.7,5.4,1,15.3,20.6,48,4.8,12.5,20.8,12.9
1998-04-01,14.3,15.9,2.7,0.7,15.3,4.7,3,2.5,30.1,16.8,4.6,2.3,0,0,51.7,15.1,3.9,8.9,9.4,29.2
1998-05-01,35.5,21.9,5.5,1.1,0,10.8,1.8,2.7,26,20.1,0,25.4,0.2,0,55.4,21.9,2.9,0,21,25.8
1998-06-01,26.4,6,2.4,1.5,0,13.9,4.5,6.5,4.2,12.7,5.2,5.4,0,0.8,14.6,31.3,3.6,0.9,14.8,51.9
1998-07-01,24,10.7,2.6,11.8,13.1,7.2,15.8,3,5.2,13.1,7.5,19,8.8,0.2,15.2,5.2,-2.8,13.2,12.9,24.9
1998-08-01,16.5,1.2,-0.7,0,0,11.6,13.3,1.3,-0.3,8.9,1.8,15,5.6,0,11.9,33.1,-6.2,1.8,10,21.3
1998-09-01,13,10.7,2.7,3.5,12.7,12.1,4.3,8.1,4.5,12.8,7.4,6.1,0,7.2,33.9,21.7,7.4,13.3,12.7,25
1998-10-01,93.7,43.4,27.3,40.3,0.3,28.4,35.9,5.5,40.5,42.8,32.5,44.1,30.1,0.9,37.1,33.5,24.4,32,32,51
1998-11-01,29.7,3.5,9.5,20.2,0.1,25.7,21.8,15.3,13.7,20.8,14,25,14.1,14.2,20.6,13.7,5.3,2.2,17.6,52.8
1998-12-01,11.1,6.7,-0.1,8.8,9.6,9.4,13.9,5.1,0.4,11.8,4.4,12.5,0,4.3,19.5,2.3,-5.3,11.2,10.4,21.8
1999-01-01,11.2,7.1,-0.1,3.9,9.8,9.7,5.5,5.2,0.7,9.6,0.5,15.5,6,4,12.5,23.2,-5.7,11,10.6,22.1
1999-02-01,11.4,7,0.4,9.3,9.9,9.7,14.5,5.6,1,5.8,4.9,16.3,6.6,5,20,2.7,-4.5,11.8,6.9,22.2
1999-03-01,31.1,15.5,6.2,5.6,16.6,29.9,6.5,5.1,9.6,17,0.4,1.1,11.2,2,17.9,41.5,3.2,15.7,15.5,28.8
1999-04-01,20.2,24.6,14.3,25.6,23.8,21.3,26.7,20.1,38.1,12.6,18.4,29.8,18,20.3,34.3,18.8,12.3,22.9,10.1,36.4
1999-05-01,7,11.2,0,6.3,75.9,37.1,5.8,36.9,8.3,7.9,0,64.8,89.6,0,6.8,0.4,0,0,0,14
1999-06-01,16.6,8.9,-3.6,7.8,41.8,3.3,0,6.8,12.7,20.4,0.8,16.2,7.6,0,13.7,6.7,22.6,0.9,0,3.6
1999-07-01,23.6,14.4,0,6,34.7,8.3,0,39.6,4.1,8.9,1.8,10.1,55.1,0.2,26.3,18.3,26.6,2.5,0,14
1999-08-01,4.3,8.5,0,19.8,77.5,71.4,4.2,23.1,13.8,44.8,24.4,49.8,44.5,15,5.5,8,0,1.8,0,18.5
1999-09-01,23,12.6,0,15,38.3,31.4,1.8,14.7,15,6.2,2.5,6.4,57.2,0,8.8,10.2,4.9,1.9,0,10.8
1999-10-01,7.1,34,0,15,56.2,22.4,20.6,29.6,12.4,2.7,4.4,31,41.1,0,16.4,29.2,5.8,0.6,0.3,17.1
1999-11-01,45,36.3,0,55.5,155.7,114.7,0.3,42.6,22,5.7,3.8,134.2,235.2,0.5,185.1,29.6,6.1,6.4,0,10.3
1999-12-01,28.3,25.2,0,32.3,32.5,61.9,0,62.7,20.6,9,0,75,79.6,0,22.3,3.2,0,27.5,0,36.9
2000-01-01,3.8,20.6,0,29.2,67.1,63.3,0,24.5,25.3,43,0,30.9,83,0,51.9,30.7,0,0,5.1,15.4
2000-02-01,62.2,72.3,40.3,0.7,61.7,87.8,5.8,95.7,70.3,70.5,1.4,39.8,88.4,0,56.4,29.3,8.5,0,48.3,65.6
2000-03-01,36.7,22.2,11.4,21.8,22.6,2.9,22.9,24,17.7,23.7,16.4,28.1,16.5,0,22.9,15,6.8,20,19.6,34.1
2000-04-01,7.7,2.7,6.9,32.8,47.5,26.5,19.7,6.9,10.2,17.8,1.3,22.3,11.8,0,18.4,18.7,2.5,3.4,15.8,29.4
2000-05-01,16.7,17.2,8.2,17.6,18.2,16.3,3.6,14,12,19.5,12.7,13.9,45.6,12.8,14.9,5.9,4.8,17.8,16.6,30.3
2000-06-01,0,54,35.9,51.3,114.1,42.5,43.6,59.8,49.9,51.8,40.4,50.4,35.9,0,43.3,45,34.9,38.5,37.6,59.9
2000-07-01,13.8,16.6,5.5,15.6,33.1,13.1,18,11.4,9.1,16.4,10.5,21.2,10.9,9.4,17.6,9.2,0,1.6,15.2,28.2
2000-08-01,19.2,22.6,13,24,22.1,20,25.7,18.6,17.3,6.6,17,11.3,50,19.1,16.8,17.2,10.9,22,19.5,34.9
2000-09-01,9.3,3.2,-3.3,10.1,6.8,7.1,0,2,-3.3,6,0,12.5,3.5,0.3,9.9,9.3,-9.9,8.3,8.4,18.9
2000-10-01,7.4,-1,-5.9,1.9,3.6,4.4,9,-0.9,3,6.5,-1.3,10.3,1.4,-2,5.2,-4.8,-12.1,6.8,0,15.7
2000-11-01,30.3,47.3,29.9,42.8,42.1,125.3,0,112.4,43,45.1,0.9,13.7,31.1,0.1,38.8,13.2,0,33.1,33.8,54.2
2000-12-01,6.5,-2.8,-7.5,0.1,2.2,3.2,7.5,-2.5,7.2,2.6,-2.7,8.8,0.2,-3.8,0.5,-6.5,-14.1,5.5,0,14.2
2001-01-01,0,0,2.1,0,0,0,1.9,57.3,34.8,109,2.2,36.1,0,0,4.1,0,6.5,26.4,104.1,0
2001-02-01,0,0,0,0,2.8,40.1,0,34.3,3.6,34.1,9.2,2.6,14.1,5.6,20.6,1.4,9.4,0,50.7,0
2001-03-01,0,0,0,11.7,0.4,2.9,0,12.1,25.7,52.6,0.4,7.5,0,0.4,35.1,0.1,0.3,0,65.2,0
2001-04-01,0,0,0,2.5,0,0,2.1,3.8,21.6,28.6,2.6,11.9,0,0,19.2,0,5.7,1.6,8,0
2001-05-01,0,0,0,12.8,32.8,21.6,0,24.8,38.9,181.3,12.1,0,0,0,12.6,0,10,0,72.6,0
2001-06-01,0,8.7,0,3.9,0,0,0,30.1,63,113.2,30.2,0,0,0,11.3,3.7,60.8,3.7,39.4,0
2001-07-01,0,0,38.6,41.3,0,0,59.3,46.7,159.2,144,238.3,68.2,0,51.6,49.8,3.9,79.5,22.9,78.9,7.4
2001-08-01,10.2,6.2,0,0,8.7,0,0,0,10.7,41.5,0.3,2.2,0,8.9,0,0,0,9.9,15.1,21.4
2001-09-01,0,0,0,0,0,0,0,23.2,17.4,22.7,8.8,15.1,0,45.8,5.7,0,0,0.4,129.8,0
2001-10-01,0,2.2,-7.9,0,2.2,0,0.5,1.2,-11.4,-0.7,10.4,0,0,0.6,4.9,0,0,2.1,4.9,0.1
2001-11-01,0,2.1,-2.8,5.5,5.8,0,12.3,19.4,-4.3,6.1,1.3,13,3.7,7.4,9.5,-1.2,-7.3,9.8,7.7,18.4
2001-12-01,0,3.2,12.8,0,1.5,20.3,25.3,53.4,17.1,24.5,88.7,28.5,16.9,0,22.9,0,10.2,24,19.3,34.6
2002-01-01,22.3,27.1,16.1,0,26.5,22.8,0.3,22.6,23.2,29,20.6,83.8,0,21.3,50.7,0,32.6,24.4,22.5,38.3
2002-02-01,0,2.6,-1.2,7.5,0,0,15.5,0,-4.1,7.2,2,13.9,4.4,46.7,9.9,0.7,-2.4,12.2,7.8,19.2
2002-03-01,0,0,-9.8,-2.6,0,0,5.8,-5,-12.7,-1.7,-5.1,6.4,-1.9,-5.9,4.1,-9.1,-16.4,7.3,3.2,11.7
2002-04-01,35.3,55.1,39.8,55.4,47.5,41.8,50,45.8,51.3,135.1,42.5,82,0.2,49.8,2,48.3,44.7,44,38,61.6
2002-05-01,14.9,13.5,4.6,0,15.3,13.7,0,10.6,8.1,15.6,41.3,20.9,10.5,8.4,17,1.4,5.4,14.6,14.5,27.1
2002-06-01,61.2,107.4,83.4,106.3,88.2,76.9,89.6,90,18.2,212.2,83.7,95.6,73.8,99.7,78.6,98.4,99.5,79.9,50.7,104.8
2002-07-01,0,3.2,-2,0,6.7,0,1.1,10.6,-3.1,7,0,15.6,4.4,36.9,10.2,0,0,10.4,8.4,19.3
2002-08-01,28.5,41.6,27.5,41.4,37.1,32.6,38.3,33.6,20.7,48.9,31.3,42,28.6,35,3.6,34.9,28.3,33.3,62.2,50.2
2002-09-01,56.7,33.4,29.3,137,0,25.4,23.6,62.2,12.1,0,76.8,94.5,7.4,8.6,0,6.5,16.4,0,39.9,58.8
2002-10-01,54.3,83.4,70.5,143.4,12.3,130.1,50.3,46.3,50.9,0,108.3,176.1,77.3,90.7,70.4,24.2,49.3,0,84.5,166.5
2002-11-01,58.8,165,113.8,239.8,46.5,225.3,115.5,228.2,110.4,0,119,226.5,46.6,47.9,52.8,44.5,92.4,0,71.6,229.9
2002-12-01,73,145.3,82.1,201.9,0,127.4,47,107.3,111.6,0,73.5,282.7,40.7,90.6,68.1,78.1,19.5,0,49.2,169.2
2003-01-01,19.9,57.1,22.8,41.1,11.5,69.2,4.6,20.8,28.4,0,27.8,51.1,9.9,32.7,22.6,8,18.1,0,10.7,59.8
2003-02-01,45,78.4,55.3,134.7,23.1,58.1,24.4,94.4,60.4,0,68.9,100.6,0,85.4,13.3,64.3,47.1,28.8,27,130.9
2003-03-01,77.2,109.6,172.8,166.4,1.2,158.6,31.6,130.9,69.1,9,99.9,130,2.2,115.3,13.3,43,81.2,20.5,61.8,152.3
2003-04-01,40.4,45.6,81.1,54.9,54.9,14.6,53.7,58,14.6,0,58.3,224.1,0,115.4,51.3,62,70.1,62.6,34.4,53.8
2003-05-01,4.9,43.1,3.2,27.1,0,8.4,31.9,61.7,18.4,0,49.9,58.1,0,26.9,0,55.1,10.5,0,23.3,62.5
2003-06-01,51.3,29.1,26,52.4,2,36.5,5.4,54.8,42.7,46.9,45.6,61.8,6.3,0,39.1,8.7,14.7,0,30.6,62.9
2003-07-01,35.3,41.1,27.1,40.4,37,23.6,37.3,42,37,41.3,31.1,42.5,28.8,23.5,35.3,33.5,26.8,32.8,30.3,49.7
2003-08-01,38.4,53.1,81.3,224.5,29.7,98.6,84.9,95.2,106.2,102.8,179.9,92.4,71.9,70,79.4,104.8,92,0,68.4,105.2
2003-09-01,40.5,65.6,47.2,159.2,55.9,48.7,20.4,53.8,62.1,63.9,50.2,125.7,3.7,56.3,17.3,44,42.7,48.9,44.1,70
2003-10-01,10.2,33.3,22.6,35.4,30.1,23.3,35.1,46.9,28.1,35,25.6,37,24.2,40.4,30.1,28.4,24.2,30.3,25.4,44
2003-11-01,9,15.1,-2.1,6.7,1.7,15.8,11.7,3.2,-1.8,7.3,2.7,13.6,4.4,1.5,10.9,0.3,-8.5,0,9.2,20.1
2003-12-01,11.1,6.2,0.2,8.8,9.3,9.2,14.6,5.4,0.4,0,4.5,16.5,25.8,5.1,0,2,-4.3,12.1,10.2,21.6
2004-01-01,69.3,120.8,87.7,144.6,100.8,84.5,24.2,97.9,121.2,112.8,184.8,101.6,79.5,96.2,87.9,60.5,76.4,78.6,76.3,113.7
2004-02-01,52.8,89.7,64.2,84.7,75.5,64.2,69.3,72.1,110.6,0,67.8,77.3,58.9,74.1,54.5,78.3,70.7,61.4,107.9,88.9
2004-03-01,83.6,73.9,52.1,88.7,63.5,1.3,7.2,84.1,72,71,77.6,82.7,50,42.5,57.2,75.4,39,51.9,49.3,76
2004-04-01,26.1,36.5,22.7,35.8,33.3,29,33.5,29,51.2,0,27.1,37.6,24.9,29,17.2,29.4,21.6,29,51.8,45.8
2004-05-01,96.3,73.1,84.1,174.9,43.3,71.2,63.9,145.1,9.4,37.5,31.6,59.8,51.1,60.7,180,62.2,50.7,133.5,97.8,96.6
2004-06-01,23.7,63.1,93,45.5,25.9,28.2,25,64.5,9.4,1.9,39.8,16.2,35.4,26.8,39.6,44.8,4.9,19.4,87.6,44.5
2004-07-01,2.9,49.8,57.9,23.6,51.9,38.1,24.8,25.3,17.2,0,13.6,9,19.4,19.6,138.4,11,5.8,27.5,35.3,21
2004-08-01,18,92.8,83.9,23.1,28,91.9,31.4,53.5,13,12.1,49,44.2,20.8,28.9,80.3,38.5,9.5,26.1,72.7,11.1
2004-09-01,11.1,39.3,36.2,86.5,39.4,16.1,80.7,41.2,7.6,0,22.5,19,17.4,29.8,126.5,48.7,18.5,17.4,88.1,47.9
2004-10-01,32.9,79.6,91.4,38.3,33.3,34.6,24.6,50.5,16.1,4.7,65.9,8.5,47.6,21.3,54.1,23.3,0.4,16.1,58.5,3.1
2004-11-01,21.5,175.1,151.8,88.7,65.9,71.2,46.7,44.8,61.9,45.8,68.5,47.7,91.7,13.3,148,27.5,48.2,104.8,57,11.2
2004-12-01,34.7,59.4,47.4,124.9,54.9,74.8,22.4,89,16.9,4.9,0,25.9,43.2,11.8,82.2,4.1,19.3,36,29.8,65
2005-01-01,61.1,25.7,63.9,38.9,83.4,86,4.3,42.4,0,5.5,0,49.3,31.5,24.5,28.1,4.2,37.9,2.2,59,23.4
2005-02-01,51.9,60.1,47.7,138.6,79.8,80.6,54.5,80.7,75.5,75.7,14.9,42.4,46.7,20.8,59.8,12.2,25.2,32,50.2,61.3
2005-03-01,42,57.7,38.8,54.6,50.2,66.6,46.1,35.5,54,55.2,43.3,53.4,38.4,12.3,45.8,48.2,38.4,40.8,39.8,62.8
2005-04-01,11,67.2,28.6,38.7,33.8,21.9,39.9,18,36.8,42.1,37.5,42.7,29.1,34.9,35.5,63.9,30.7,46.6,30.3,50.6
2005-05-01,37.7,60.1,42,63.9,51.7,44.8,70.1,48.7,56.2,58.1,45.5,36.2,20.6,50.5,87.1,48.1,11.1,44.4,41,65.2
2005-06-01,34.3,47.3,31,45.5,41.9,57.3,39.8,27.4,43.1,46,35.4,45.8,31.9,12.7,39,39.1,29.9,35,33.8,54.6
2005-07-01,20.3,87.7,38.1,54,22.1,56.7,48.2,44,49.2,53,41,51.6,36.8,47.5,43.3,47.4,42,41.8,37.1,60.5
2005-08-01,45.5,75,53.6,71.9,63.7,54.6,60.6,60.9,72.2,9.2,57,67.4,47.2,63.1,105.7,65.1,58.9,53.7,49.6,77.2
2005-09-01,24.2,33,20.5,23.8,30.3,26.9,17.8,26.5,27.8,33.4,22.3,35.3,22.9,26.8,29.6,56.6,20.3,27.4,25.4,43.2
2005-10-01,49.2,82.6,60.8,80.1,69.5,59.8,67.6,68,40.5,12.1,63.4,74.5,56.1,71.9,164.7,72.9,68.7,60.1,28.6,83.7
2005-11-01,132.1,111.2,81.8,174.7,92.7,38.4,138.5,82.7,110.6,104.8,104.7,38.2,73.8,32,81.5,66.2,26.6,75.5,70.6,106.4
2005-12-01,46.7,79.1,146.4,79.4,65.9,58,68.8,65.8,16,14.3,61.3,72.3,54.3,73.5,88.3,72.2,70.7,60.6,39,81.6
